Validation_Set,Topics,Alpha,Beta,Coherence
bla,19,0.01,0.01,0.4969000869602997
bla,19,0.01,0.005,0.49813899113192966
bla,19,0.01,0.001,0.495481298594338
bla,19,0.005,0.01,0.48669851091400346
bla,19,0.005,0.005,0.4961605501953763
bla,19,0.005,0.001,0.4977336768021246
bla,19,0.001,0.01,0.4911861869364038
bla,19,0.001,0.005,0.49103759851588064
bla,19,0.001,0.001,0.49190289603908294
